param_logisticregression__C,param_logisticregression__max_iter,param_logisticregression__class_weight,mean_test_score,mean_fit_time,mean_train_score
1.8329807108324375e-06,500,balanced,0.5381632171658522,0.03386435508728027,0.5241833876766036
4.281332398719396e-07,2000,balanced,0.5371836909333059,0.03188667297363281,0.524049444744844
16.237767391887175,2000,balanced,0.519687200004817,0.055849313735961914,0.5292174973567008
69.51927961775591,2000,balanced,0.518308939319069,0.054274988174438474,0.529783833087252
297.6351441631313,1500,balanced,0.5177736402975255,0.05599799156188965,0.52966146256447
